Organisation Name,Industry,Roles Within Company,Location,Jobs Page?,Jobs Page URL,Homepage,About Page,LinkedIn,Notes,Scrape Worthiness,Open to speculative apps,Email for CVs,,,,,
1PartCarbon,IT Services / Consultancy,Developer,Edinburgh,N,,,,,,,,,,,,,
2i Testing,IT Services / Consultancy,Tester,Edinburgh; Glasgow,Y,https://2itesting.com/vacancy/current-opportunities,https://2itesting.com/,https://2itesting.com/about/our-business/,,,1,,,,,,,
7Elements,IT Services / Consultancy,Developer; Tester,Other,Y,https://www.7elements.co.uk/careers/,https://www.7elements.co.uk/,https://www.7elements.co.uk/about-us/,,,,,,,,,,
80 Days,Tourism and Travel,Developer,Edinburgh,Y,https://www.eighty-days.com/join-us/,https://www.eighty-days.com/join-us/,https://www.eighty-days.com/join-us/culture/,,,2,,,,,,,
Adimo,IT Services / Consultancy,Developer,Glasgow,Y,https://adimo.co/careers,https://adimo.co/,https://adimo.co/about,,,,,,,,,,
Adobe,Creative Industries,Developer; Support,Edinburgh,Y,https://adobe.wd5.myworkdayjobs.com/external_experienced/2/refreshFacet/318c8bb6f553100021d223d9780d30be,,,,,3,,,,,,,
AFS Logistics,Creative Industries,MI Developer,Edinburgh; Glasgow,Y,https://recruitment.afs.delivery/jobs,https://afslogistics.co.uk,https://afslogistics.co.uk/team,,,3,,,,,,,
Agenor,IT Services / Consultancy,Developer; Tester,Borders,N,https://www.agenor.co.uk/,https://www.agenor.co.uk/,https://www.agenor.co.uk/working-with-us,,,,,,,,,,
Agile CIC,Creative Industries,,Glasgow,N,,https://go.actify.org.uk/,,https://www.linkedin.com/company/agilecic/,"Not sure which compnay is which, linked in page links to a new business",,,,,,,,
AgileCase,Professional Services,Developer; Support,Glasgow,N,https://www.agilecase.com/careers-support-And-Onboarding-Developer,https://www.agilecase.com/,,https://www.linkedin.com/company/saascase/,"Jobs page lists a generic job, open to all",,,,,,,,
Air Menzies International,Tourism and Travel,Developer,Edinburgh,Y,https://airmenzies.com/careers/,https://airmenzies.com/,https://airmenzies.com/about-us/,,Mostly non tech,3,,,,,,,
Airts,IT Services / Consultancy,Developer; Tester,Edinburgh,Y,https://dayshape.com/careers/,https://dayshape.com/,https://dayshape.com/about/,,Now dayshape,1,,,,,,,
Allatus Ltd,Financial Services / Fintech,Data Analyst; Developer,Edinburgh,N,,http://www.allatus.co.uk/,http://www.allatus.co.uk/about.,,,,,,,,,,
Amati Global Investors,Financial Services / Fintech,Developer; DevOps,Edinburgh,N,,http://www.amatiglobal.com/,http://www.amatiglobal.com/about_team.php,https://www.linkedin.com/company/amati-global-investors/,,,,,,,,,
Ambergreen Internet Marketing,Creative Industries,Developer,Edinburgh,Y,https://www.dacgroup.com/en-gb/careers/jobs/,https://www.dacgroup.com/en-gb/,,,Have been aquired by DAC Group,2,,,,,,,
AMCS Group,IT Services / Consultancy,Developer; Tester,Glasgow,,,,,,,,,,,,,,
Appointedd,IT Services / Consultancy,Developer,Edinburgh,Y,https://www.appointedd.com/jobs,https://www.appointedd.com/,,,,1,,,,,,,
Aridhia,IT Services / Consultancy,Data Engineer; Developer; DevOps; Tester,Edinburgh; Glasgow,N,https://www.aridhia.com/careers/,https://www.aridhia.com/,https://www.aridhia.com/about/,,,,Y,,,,,,
Arnold Clark,FMCG,Developer; Product / Project Manager; Tester,Glasgow,,,,,,,,,,,,,,
Ascensos,Professional Services,Data Analyst; Developer,Glasgow,,,,,,,,,,,,,,
Astrosat,Space,Data Engineer; Developer,Edinburgh,Y,https://www.astrosat.space/careers,https://www.astrosat.space,,,,2,Y,,,,,,
Attacat,Creative Industries,Data Analyst,Edinburgh,Y,https://www.attacat.co.uk/jobs,https://www.attacat.co.uk/,,,,3,,,,,,,
AutoRek,Financial Services / Fintech,Data Analyst,Edinburgh; Glasgow,Y,https://www.autorek.com/about-autorek/about/careers/,https://www.autorek.com/,https://www.autorek.com/about-autorek/about/,,,1,,,,,,,
Bad Dinosaur,IT Services / Consultancy,Developer,Edinburgh,Y,https://www.baddinosaur.co.uk/Careers,https://www.baddinosaur.co.uk/,https://www.baddinosaur.co.uk/About,,,1,,,,,,,
Basestation,Creative Industries,,Edinburgh,N,,https://www.base-station.co.uk/,https://www.base-station.co.uk/about-us,,,,,,,,,,
BBI Group,Health Tech,Developer,Edinburgh,Y,https://www.the-bbigroup.com/careers/our-vacancies/,https://www.the-bbigroup.com/,https://www.the-bbigroup.com/about-us/vision-mission-and-values/,,,1,,,,,,,
Be Positive,IT Services / Consultancy,Business Analyst,Edinburgh,N,,,,,No longer trading,,,,,,,,
Beezer,IT Services / Consultancy,Developer; Support; Tester,Edinburgh,N,https://www.beezer.com/careers/,https://www.beezer.com/,https://www.beezer.com/how-it-works/,,,3,Y,,,,,,
Bemo,IT Services / Consultancy,Developer; Tester,Edinburgh,Y,https://bemo.co/jobs,https://bemo.co/,https://bemo.co/about,,,,,,,,,,
Betasoft,Software House,Developer,,N,,,,,,,,,,,,,
Better Internet Search Ltd.,IT Services / Consultancy,Developer,Edinburgh,N,,https://www.betterinternetsearch.com/,https://www.betterinternetsearch.com/about_us,,,,,,,,,,
BJSS,IT Services / Consultancy,Developer; DevOps; Product / Project Manager; Tester,Glasgow,,,,,,,,,,,,,,
Blackrock,Financial Services / Fintech,Data Analyst; Developer; Support,Edinburgh,Y,https://careers.blackrock.com/job-search-results?parent_category=Technology&addtnl_categories=Europe%2C%20Middle%20East%20and%20Africa&location=GB%2C%20Edinburgh,https://careers.blackrock.com/,,,,2,,,,,,,
Bluebox Aviation,Tourism and Travel,Developer,Fife,,,,,,,,,,,,,,
Bora Apps,IT Services / Consultancy,,Edinburgh,,,,,,MIA,,,,,,,,
Broadridge Financial Solutions,Financial Services / Fintech,Business Analyst; Data Analyst; Developer,Edinburgh,Y,https://careers.smartrecruiters.com/broadridge,https://careers.smartrecruiters.com/broadridge,,,,,,,,,,,
Burness Paull LLP,Legal,,Edinburgh; Glasgow; Aberdeen,Y,https://careers.burnesspaull.com/campaign/vacancies.aspx,https://www.burnesspaull.com/,https://www.burnesspaull.com/who-we-are/about-us,,,4,,,,,,,
Business Port,IT Services / Consultancy,Developer; Tester,Aberdeen; Dundee,,,,,,,,,,,,,,
Butterwire,Financial Services / Fintech,Data Engineer; Developer,Edinburgh,N,,https://www.butterwire.com/,https://www.butterwire.com/about/company,,,,,,,,,,
CalMac Ferries,Public Sector,Data Engineer; Developer,Other,,,,,,,,,,,,,,
Carbomap,IT Services / Consultancy,Developer,Edinburgh,N,,https://www.carbomap.xyz/,https://www.carbomap.xyz/about,,,,,,,,,,
Cardtronics / i-Design Multimedia,Financial Services / Fintech,Developer,Dundee,,,,,,,,,,,,,,
CAS,IT Services / Consultancy,Business Analyst; Developer,Edinburgh,Y,https://www.casltd.com/career-opportunities,https://www.casltd.com/,https://www.casltd.com/about-us,,,4,Y,,,,,,
Cashmaster,Financial Services / Fintech,Developer,Fife,,,,,,,,,,,,,,
Castlight Financial,Financial Services / Fintech,Developer,Glasgow,,,,,,,,,,,,,,
Cello Signal,Creative Industries,Developer,Edinburgh,Y,https://cellosignal.com/careers,https://cellosignal.com/,https://cellosignal.com/about,,,2,,,,,,,
Cezanne HR,IT Services / Consultancy,Developer,Nationwide,,,,,,,,,,,,,,
Challenges Catalyst,Third Sector,,Edinburgh,,,,,,WTF,,,,,,,,
Chief Statistician and Strategic Analysis - Scottish Government,Public Sector,Data Analyst; Tester,Edinburgh,,,,,,MIA,,,,,,,,
City Facilities Management,Professional Services,Developer; DevOps; Tester,Glasgow,,,,,,,,,,,,,,
Civic UK,Creative Industries,,Edinburgh,N,,https://www.civicuk.com/,,,,,,,,,,,
Clevermed Ltd,Health Tech,Developer; Tester,Edinburgh,N,,https://www.clevermed.com/,,,not sure what this is,,,,,,,,
CodeClan,Education,,Edinburgh,Y,https://codeclan.com/about-us/join-us/,https://codeclan.com/,https://codeclan.com/about-us,,WHpo are these chancers?,1,,,,,,,
Codify,IT Services / Consultancy,Developer,Aberdeen,,,,,,,,,,,,,,
Cofficient,IT Services / Consultancy,Developer,Glasgow,,,,,,,,,,,,,,
Cognitive Geology,IT Services / Consultancy,DevOps,Edinburgh,,,,,,"MIA, expired SSL",,,,,,,,
Commsworld,IT Services / Consultancy,Developer,Edinburgh,Y,https://www.commsworld.com/about-us/careers/,https://www.commsworld.com,https://www.commsworld.com/,,,3,,,,,,,
Computershare,Financial Services / Fintech,BI Developer; Data Analyst; Data Engineer; Developer; Support; Tester,Edinburgh,Y,https://www.computershare.com/uk/individuals/im-interested-in-a-career-at-computershare/join-our-team,,,,,2,,,,,,,
Container Solutions,IT Services / Consultancy,,Edinburgh,T,https://www.container-solutions.com/careers#jobs-container,https://www.container-solutions.com/,,,,2,,,,,,,
Continuity2,IT Services / Consultancy,Developer; UX,Glasgow,,,,,,,,,,,,,,
Continuum Industries,Engineering,Back End Developer; Cloud Engineer; Data Engineer; DevOps; Front End Developer,Edinburgh,Y,https://continuum.industries/careers/join,,https://continuum.industries/company,,,,Y,,,,,,
Cooper Software,IT Services / Consultancy,Developer,Fife,,,,,,,,,,,,,,
Cortex,IT Services / Consultancy,Developer,Edinburgh,Y,https://careers.forrit.com/,,https://www.forrit.com/en/about-us,https://www.linkedin.com/company/goforrit/,Are now rebranded as Forrit I think,,,,,,,,
Craneware,Health Tech,BI Developer; Data Analyst; Developer; DevOps; Support; Tester,Edinburgh,Y,https://careers.craneware.com/,https://public.craneware.com/,https://public.craneware.com/software/,https://www.linkedin.com/company/craneware/,Recently part of a hiring scam - coolcoolcool,2,,,,,,,
CreamFloats,Creative Industries,Developer,Edinburgh,N,,https://soundsurf.com/home,https://soundsurf.com/about,https://www.linkedin.com/company/creamfloats/,Now called SoundSurf,,,,,,,,
Criton,IT Services / Consultancy,Developer; Tester,Edinburgh,Y,https://www.criton.com/careers/,https://www.criton.com/,https://www.criton.com/about-us/,https://www.linkedin.com/company/information-apps-ltd/,no vacancies so no idea what roles they would have,02-Mar,,,,,,,
CU Soar,Financial Services / Fintech,Developer,Glasgow,,,,,,,,,,,,,,
Daysix,Creative Industries,Developer,Edinburgh,Y,https://daysix.co/jobs/,https://daysix.co/,https://daysix.co/about/,,,2,Y,hello@daysix.co,,,,,
Deliveroo (formerly Cultivate Software Ltd),FMCG,Developer,Edinburgh,Y,https://careers.deliveroo.co.uk/,https://deliveroo.co.uk/,https://deliveroo.co.uk/about-us,,,1,Y,careers@deliveroo.co.uk,,,,,
Deloitte Digital,Professional Services,Data Engineer; DevOps; Tester,Edinburgh,,,https://www.deloittedigital.co.uk/,,,website is shite but there are vacancies,1,,,,,,,
deltaDNA,Games,Developer; Tester,Edinburgh,Y,https://careers.unity.com/find-position?location=edinburgh,https://deltadna.com/,https://deltadna.com/company/about-us/,https://www.linkedin.com/company/deltadna/,,1,,,,,,,
Designers' Friend Ltd,Creative Industries,Developer,Edinburgh,Y,https://designersfriend.co.uk/page/jobs/,https://designersfriend.co.uk/,https://designersfriend.co.uk/page/about/,,,1,Y,i-want-to-work@designersfriend.co.uk,,,,,Red Hot for Robin - think you'll like the bit on their careers bit
Developing IT,IT Services / Consultancy,Developer; Support,Other,,,,,,,,,,,,,,
Dexra (formerly Spectromax),IT Services / Consultancy,Developer,Edinburgh,Y,https://www.dexrasolutions.com/careers/,https://www.dexrasolutions.com/,https://www.dexrasolutions.com/about-us/,,,3,,,,,,,
Digital Impact,Creative Industries,Developer; FE Developer,Glasgow,,,,,,,,,,,,,,
Drinkly,FMCG,,Edinburgh,N,,https://www.shoply.co.uk/,https://blog.shoply.co.uk/about-us/,,Now called Shoply,,,,,,,,
DSA Practice,IT Services / Consultancy,Developer,Edinburgh,,,,,https://www.linkedin.com/company/dsa-practice-ltd/about/,MIA,,,,,,,,
Dufrain,IT Consultancy,,Edinburgh,Y,https://www.dufrain.co.uk/careers,https://www.dufrain.co.uk/,https://www.dufrain.co.uk/about-us,https://www.linkedin.com/company/dufrain-consulting/,,2,,,,,,,
Duradiamond Software,IT Services / Consultancy,Developer; Support,Other,,,,,,,,,,,,,,
E Fundamentals,FMCG,Developer; DevOps; Product / Project Manager; Tester,Edinburgh,N,,https://www.efundamentals.com/,https://www.efundamentals.com/about-us,https://www.linkedin.com/company/e-fundamentals/,,,,,,,,,
e2c,IT Services / Consultancy,Developer,Fife,,,,,,,,,,,,,,
Edge Testing Solutions Limited,IT Services / Consultancy,Developer; Tester,Glasgow,,,,,,,,,,,,,,
Elastic Creative,Creative Industries,Developer; UX,Edinburgh,Y,https://elasticcreative.co.uk/careers/,https://elasticcreative.co.uk/,,,,2,Y,alex@elasticcreative.co.uk,,,,,
Encompass Corporation,Financial Services / Fintech,Developer,Glasgow,,,,,,,,,,,,,,
Endzone.io LTD,IT Services / Consultancy,Developer,Edinburgh,N,,https://www.happyporch.com/,,https://www.linkedin.com/company/happyporch/,Called happy porch now?,,,,,,,,
ESPC,IT Services / Consultancy,Support,Edinburgh,Y,https://espc.com/news?tag=Careers,https://espc.com/,,,,3,,,,,,,
Etive Technologies Ltd,IT Services / Consultancy,Developer,Edinburgh,N,,https://etive.org/,https://etive.org/about/,https://www.linkedin.com/company/property-log-book/?originalSubdomain=uk,,,,,,,,,
Eureka Solutions Ltd,IT Services / Consultancy,BI Developer; Developer,Glasgow,,,,,,,,,,,,,,
Everyone,Creative Industries,Developer,Glasgow,,,,,,,,,,,,,,
Evoke IT,IT Services / Consultancy,DevOps; Tester,Edinburgh; Aberdeen,,,,,https://www.linkedin.com/company/evokeit/,MIA,,,,,,,,
Exmos,IT Services / Consultancy,Developer,West Lothian,,,,,,,,,,,,,,
Exscientia,Health Tech,Developer,Dundee,,,,,,,,,,,,,,
Exterity Ltd,Creative Industries,Developer; FE Developer; Support,Fife,,,,,,,,,,,,,,
FarmFlo,AgriTech,Developer,Glasgow,,,,,,,,,,,,,,
FarmHand,AgriTech,Developer,Edinburgh,Y,https://www.farm-hand.in/careers,https://www.farm-hand.in/,,,,02-Mar,Y,info@farm-hand.in,,,,,
FatBuzz,Creative Industries,Developer; FE Developer,Glasgow,,,,,,,,,,,,,,
FD Intelligence,Financial Services / Fintech,Data Analyst; Developer,Edinburgh,,,https://www.fdiintelligence.com/global/Europe/UK/Edinburgh,,,Possibly FDi Intelligence?,,,,,,,,
Fierce Digital,Creative Industries,,Glasgow,,,,,,,,,,,,,,
Findmypast,IT Services / Consultancy,,Dundee,,,,,,,,,,,,,,
Findr,Creative Industries,Developer,Edinburgh,N,,https://findr.me/,https://findr.me/about,,,,,,,,,,
Firefish Software,IT Services / Consultancy,FE Developer; Support; Tester,Glasgow,,,,,,,,,,,,,,
Float App,Financial Services / Fintech,Developer,Edinburgh,Y,https://floatapp.com/careers/,https://floatapp.com/,https://floatapp.com/about-us/,https://www.linkedin.com/company/float_2/,,02-Mar,Y,jobs@floatapp.com,,,,,
Flow Hospitality Training,IT Services / Consultancy,Developer,Edinburgh,N,,https://www.flowhospitalitytraining.co.uk/en/,https://www.flowhospitalitytraining.co.uk/en/about-us/,https://www.linkedin.com/company/flow-hospitality-training-ltd/,,,,,,,,,
For-Sight Guest CRM (Forth Communication Ltd),IT Services / Consultancy,Data Analyst; Developer; Tester,Edinburgh,Y,https://for-sight.co.uk/careers/,https://for-sight.co.uk/,https://for-sight.co.uk/about-for-sight/our-people/,,,2,,,,,,,
Forecast,IT Services / Consultancy,Data Scientist,Edinburgh,,,,,,MIA - terrible google search,,,,,,,,
FreeAgent,Financial Services / Fintech,Developer; Product / Project Manager; Tester; UX,Edinburgh,Y,https://www.freeagent.com/careers/,https://www.freeagent.com/,https://www.freeagent.com/company/,https://www.linkedin.com/company/freeagent/,,2,,,,,,,
Futurematik,IT Services / Consultancy,,Glasgow,,,,,,,,,,,,,,
Gecko Engage,IT Services / Consultancy,Developer; FE Developer; Tester,Edinburgh,Y,https://careers.geckoengage.com/,https://geckoengage.com/,https://geckoengage.com/about-us/,https://www.linkedin.com/company/geckoengage/,,1,Y,hireme@geckoengage.com,,,,,
grapl ltd,IT Services / Consultancy,,Dundee,,,,,,,,,,,,,,
Horisk Leslie Development Ltd,IT Services / Consultancy,Developer; FE Developer,Edinburgh,Y,https://horisk.com/jobs/,https://horisk.com/,https://horisk.com/about/,https://www.linkedin.com/company/horisk-leslie-development-ltd/,"""Although we have no specific vacancies at present, we're always interested in speaking to web developers looking for their next (or even their first) step on their career ladder.""",2,Y,enquiries@horisk.com,,,,,
Howden,Engineering,Data Analyst,,,,,,,MIA,,,,,,,,
Human Resources Intelligence,IT Services / Consultancy,Data Analyst,Dundee,,,,,,,,,,,,,,
Hymans Robertson,Financial Services / Fintech,Developer; Tester,Edinburgh; Glasgow,Y,https://www.cloudonlinerecruitment.co.uk/hymans/Vacancy.aspx?MenuID=6Dqy3cKIDOg,https://www.hymans.co.uk/,,https://www.linkedin.com/company/hymans-robertson/,,02-Mar,,,,,,,
icecream architecture,Creative Industries,Developer,Glasgow,,,,,,,,,,,,,,
iDelta,IT Services / Consultancy,Developer,Edinburgh,N,,https://idelta.co.uk/,https://idelta.co.uk/about/,https://www.linkedin.com/company/idelta-ltd-/,,,,,,,,,
IES,Professional Services,Developer,Glasgow,,,,,,,,,,,,,,
INDEZ Ltd,IT Services / Consultancy,Developer,Glasgow,,,,,,,,,,,,,,
Inoapps,IT Services / Consultancy,Business Analyst; Developer; DevOps; Support; Tester,Aberdeen; West Lothian,,,,,,,,,,,,,,
Intellicore,IT Services / Consultancy,FE Developer,Aberdeen,,,,,,,,,,,,,,
Iomart,IT Services / Consultancy,Developer; Support,Glasgow,,,,,,,,,,,,,,
Jearni Ltd,Creative Industries,,Edinburgh,,,,,,MIA,,,,,,,,
IQ Integrity Limited,Energy / Oil and Gas,,Glasgow,,,,,,,,,,,,,,
IQX,IT Services / Consultancy,Developer,Borders,,,,,,,,,,,,,,
,,,,,,,,,,,,,,,,,
JP Morgan,Financial Services / Fintech,BI Developer; Developer; DevOps,Glasgow,,,,,,,,,,,,,,
KPV Lab,IT Services / Consultancy,Developer,Edinburgh,Y,https://www.kpv-lab.co.uk/jobs/,https://www.kpv-lab.co.uk/,https://www.kpv-lab.co.uk/about/,https://www.linkedin.com/company/kpv-lab-edinburgh/about/,Scrolly website,2,Y,jobs@kpv-lab.co.uk,,,,,
Kyria Ltd,IT Services / Consultancy,Developer,Glasgow,,,,,,,,,,,,,,
Layer Systems,IT Services / Consultancy,Developer,Glasgow,,,,,,,,,,,,,,
LBG / Scottish Widows,Financial Services / Fintech,Developer,Edinburgh,Y,https://lbg.wd3.myworkdayjobs.com/lbg_Careers/0/refreshFacet/318c8bb6f553100021d223d9780d30be,https://www.scottishwidows.co.uk/index.html,https://www.scottishwidows.co.uk/about_us/,,,2,,,,,,,
Leading Software Ltd,IT Services / Consultancy,,Edinburgh,,,https://leadingsoftware.co.uk/,,https://www.linkedin.com/company/leading-software-limited/about/,Site down for maintenance,,,,,,,,
Learn to Love Digital,IT Services / Consultancy,,Edinburgh,N,,https://learntolove.digital/,,https://www.linkedin.com/company/learn-to-love-digital/about/,"Scrolly website, all info on one page",,,,,,,,
Leidos,IT Services / Consultancy,Data Analyst; Data Engineer; Developer,Glasgow,,,,,,,,,,,,,,
LiveCode Ltd.,IT Services / Consultancy,Developer,Edinburgh,N,https://livecode.com/about/work-at-livecode/,https://livecode.com/,https://livecode.com/about/,linkedin link broken,,1,Y,cv upload,,,,,
Logicalware,IT Services / Consultancy,Developer,Edinburgh,N,,https://www.logicalware.com/,,https://www.linkedin.com/company/logicalware-ltd/,Are called Puzzel now? https://www.puzzel.com/uk/press-releases/puzzel-acquires-logicalware/,,,,,,,,
Lugo IT,IT Services / Consultancy,,Glasgow; Edinburgh; Dundee; Inverness,N,,https://lugoit.co.uk/,,https://www.linkedin.com/company/lugo/,the about page is individual pages for every employee,,,,,,,,
Lumera Healthcare,Health Tech,Developer,Edinburgh,N,,https://www.lumerahealth.com/,,https://www.linkedin.com/company/lumera-health/about/,start up,2,Y,,,,,,
MagLabs,IT Services / Consultancy,Developer,Edinburgh,N,,https://www.maglabs.net/,https://www.maglabs.net/about-us/,https://www.linkedin.com/company/maglabs/,,2,Y,careers@maglabs.net,,,,,
Mallzee,IT Services / Consultancy,Developer,Edinburgh,Y,https://apply.workable.com/mallzee/,https://mallzee.com/,https://mallzee.com/page/about,,fashion shopping app,,Y,mallzee@jobs.workablemail.com,,,,,
Mantle,Financial Services / Fintech,Developer,Glasgow,,,,,,,,,,,,,,
Mark to Market,Financial Services / Fintech,Developer,Edinburgh,N,,https://marktomarket.io/,https://marktomarket.io/about-marktomarket/,https://www.linkedin.com/company/marktomarket/,Affiliated with CodeBase,,,,,,,,
Mear Technology,IT Services / Consultancy,,West Lothian,,,,,,,,,,,,,,
Memsstar,Manufacturing,,Edinburgh,N,,https://memsstar.com/,https://memsstar.com/company/memsstar-semiconductor-equipment-supplier-overview/,https://www.linkedin.com/company/memsstar-limited/,,,,,,,,,
Merkle Aquila,IT Services / Consultancy,Data Engineer,Edinburgh,Y,https://www.aquilainsight.com/careers-2/,https://www.aquilainsight.com/,https://www.aquilainsight.com/people/,https://www.linkedin.com/company/aquila-insight/,,2,Y,,,,,,
Mesomorphic Ltd,IT Services / Consultancy,Developer,Highlands,,,,,,,,,,,,,,
Metix Medical,Health Tech,Developer; UX,Glasgow,,,,,,,,,,,,,,
Mirador Analytics,Health Tech,Data Scientist,Borders,,,,,,,,,,,,,,
Money Dashboard,Financial Services / Fintech,Business Analyst; Developer; Tester,Edinburgh,Y,https://www.moneydashboard.com/careers#open-positions,https://www.moneydashboard.com/,https://www.moneydashboard.com/our-story,https://www.linkedin.com/company/money-dashboard/,,,,,,,,,
Moon Collider (Kytheria.AI),Games,Developer,Edinburgh,Y,https://www.kythera.ai/recruitment,https://www.kythera.ai/,https://www.kythera.ai/meet-kythera/overview,https://www.linkedin.com/company/moon-collider-ltd/,it's Kythera not Kytheria,2,,,,,,,
Morton Fraser,Legal,Developer,Edinburgh,Y,https://www.morton-fraser.com/work/current-vacancies,https://www.morton-fraser.com/,https://www.morton-fraser.com/about-morton-fraser,https://www.linkedin.com/company/morton-fraser/,,3,,,,,,,
Mott Macdonald,Engineering,Developer,Glasgow,,,,,,,,,,,,,,
MRMBrand,IT Services / Consultancy,UX,Edinburgh,Y,https://www.mrmbrand.com/careers,https://www.mrmbrand.com/,,https://www.linkedin.com/company/mrmglobal/,,2,Y,careers@mrmglobal.com,,,,,
Mucky Puddle,Creative Industries,Developer,Glasgow,,,,,,,,,,,,,,
National Records of Scotland,Public Sector,Developer; Tester; UX,Edinburgh; Glasgow,N,,https://www.nrscotland.gov.uk/,,,,,,,,,,,
Newspaper Club,Creative Industries,Developer,Glasgow,,,,,,,,,,,,,,
NHS Education for Scotland,NHS,Developer; Tester,Edinburgh; Glasgow,Y,https://www.nes.scot.nhs.uk/recruitment/nes-vacancies.aspx,https://www.nes.scot.nhs.uk/,https://www.nes.scot.nhs.uk/about-us.aspx,,,2,,,,,,,
NHS Health Scotland,NHS,Developer,Edinburgh; Glasgow,N,,http://www.healthscotland.scot/,http://www.healthscotland.scot/our-organisation/about-us,,,,,,,,,,
NHS National Services Scotland (NHS NSS),NHS,BI Developer; Data Analyst; Tester,Edinburgh; Glasgow,Y,https://nhsnss.org/careers/current-vacancies/,https://nhsnss.org/,https://nhsnss.org/how-nss-works/,https://www.linkedin.com/company/nhsnss/,,02-Mar,,,,,,,
NHS National Services Scotland (NHS NSS) - Public Health & Intelligence,NHS,Data Analyst,Edinburgh; Glasgow,,https://jobs.scot.nhs.uk/,,,,,,,,,,,,
North Ayrshire Council,Public Sector,Business Analyst; Developer,Ayrshire,,,,,,,,,,,,,,
Nucleus Financial,Financial Services / Fintech,Developer,Edinburgh,N,,https://nucleusfinancial.com/client-home,,https://www.linkedin.com/company/nucleus-financial-services/,,,,,,,,,
Nuvven,IT Services / Consultancy,Business Analyst; Developer; UX,Edinburgh; Glasgow,Y,https://nuvven.com/careers/,https://nuvven.com/,https://nuvven.com/about/,https://www.linkedin.com/company/nuvven/,,2,,,,,,,
Ofgem,Public Sector,BI Developer; Data Analyst; Developer; DevOps; Tester; UX,Glasgow,,,,,,,,,,,,,,
Origo,Financial Services / Fintech,Developer; Tester,Edinburgh,N,,https://www.origo.com/,https://www.origo.com/about-us/about-us.aspx,https://www.linkedin.com/company/origo-services-ltd/,,2,,,,,,,
Oxido,IT Services / Consultancy,Developer; UX,Edinburgh; Glasgow,N,,http://oxido.co.uk/,,https://www.linkedin.com/company/oxido-limited/,All info on one scrolling page,3,,,,,,,
Panda Apps,Mobile Dev,Developer,Glasgow,,,,,,,,,,,,,,
Pasabi,Creative Industries,Developer,Edinburgh,Y,https://www.pasabi.com/careers/,https://www.pasabi.com/,https://www.pasabi.com/our-story-leadership-team/,https://www.linkedin.com/company/pasabi/,"No vacancies, just a CV submission",,Y,,,,,,
People's Energy,Energy / Oil and Gas,,Edinburgh,Y,https://peoplesenergy.co.uk/about/work-with-us,https://peoplesenergy.co.uk/,https://peoplesenergy.co.uk/about/why-us,,"2.7 on Google Reviews, 67 ratings ",2,,,,,,,
Pinnacle Business Solutions,IT Services / Consultancy,Developer,Highlands,,,,,,,,,,,,,,
Pixey,Creative Industries,Developer; FE Developer,Edinburgh,Y,https://careers.smartrecruiters.com/oodls,https://oodls.io/,https://oodls.io/About/,,pixey.io redirects to oodls,2,Y,support@oodls.io,,,,,
Pourit Ltd,Mobile Dev,Developer,Edinburgh,Y,http://www.pourit.co.uk/jobs,http://www.pourit.co.uk/,http://www.pourit.co.uk/services,https://www.linkedin.com/company/pourapp/,,2,Y,ian@pourit.co.uk,,,,,
Primate,Creative Industries,Developer,Edinburgh,N,,https://www.primate.co.uk/,,https://www.linkedin.com/company/primate-edinburgh/,,,,,,,,,
Product Guru,IT Services / Consultancy,Developer; DevOps,Glasgow,,,,,,,,,,,,,,
Prudential,Financial Services / Fintech,Data Engineer; Developer; FE Developer,Stirling,,,,,,,,,,,,,,
Pufferfish Displays,Media,Developer,Edinburgh,N,,https://pufferfishdisplays.com/,https://pufferfishdisplays.com/about/,https://www.linkedin.com/company/pufferfish-ltd/,They build crazy interactive globes,,,,,,,,
Pulsion Technology Ltd,IT Services / Consultancy,Business Analyst; Developer; Product / Project Manager,Glasgow,,,,,,,,,,,,,,
Pursuit Marketing,Creative Industries,Developer,Glasgow,,,,,,,,,,,,,,
PwC,Professional Services,Business Analyst; Data Analyst; Developer; Product / Project Manager; Tester,Edinburgh,Y,https://www.pwc.co.uk/careers.html,https://www.pwc.co.uk/,https://www.pwc.co.uk/who-we-are.html,,Offices all over UK. Careers page is bs,2,,,,,,,
Quarch,Manufacturing,Tester,Inverness,,,,,,,,,,,,,,
QueryClick,IT Services / Consultancy,Developer,Edinburgh,Y,https://www.queryclick.com/careers/,https://www.queryclick.com/,https://www.queryclick.com/about-us/,https://www.linkedin.com/company/queryclick/,,2,Y,recruitment@queryclick.com,,,,,
Quorum Network Resources Ltd,IT Services / Consultancy,Business Analyst; Support,Edinburgh,Y,https://www.qnrl.com/join-us/,https://www.qnrl.com/,https://www.qnrl.com/our-approach/,https://www.linkedin.com/company/quorum-network-resources-ltd/,,2,Y,,,,,,
R3-IoT,IT Services / Consultancy,Developer,Glasgow,,,,,,,,,,,,,,
Radiator Digital,Creative Industries,Developer; FE Developer,Glasgow,,,,,,,,,,,,,,
Red Paint,Creative Industries,Developer,Glasgow,,,,,,,,,,,,,,
Registers of Scotland,Public Sector,Business Analyst; Developer; UX,Edinburgh; Glasgow,Y,https://www.ros.gov.uk/about/work-with-us,https://www.ros.gov.uk/,https://www.ros.gov.uk/about/what-we-do,,,2,Y,,,,,,
Relaymed,Health Tech,,Edinburgh,N,,https://relaymed.com/,https://info.relaymed.com/relaymed-prospectus,https://www.linkedin.com/company/relaymed/,Summary of what they do is available via download by signing up with your email #crafty,2,,,,,,,
Rennie Welch,Financial Services / Fintech,,Borders,,,,,,,,,,,,,,
Renovite,Financial Services / Fintech,DevOps,Fife,,,,,,,,,,,,,,
ResDiary,IT Services / Consultancy,Developer,Glasgow,,,,,,,,,,,,,,
Reshape Technology,Health Tech,Developer,Edinburgh,N,,https://www.reshapetechnology.com/,,,Contacting them involves signing up to their mailing list. Potentially Glasgow based?,3,Y,,,,,,
Robotical,Edtech,Developer,Edinburgh,N,,https://robotical.io/,https://robotical.io/page/about/,https://www.linkedin.com/company/robotical/,,,Y,,,,,,
Sabio,IT Services / Consultancy,Developer; Support,Glasgow,,,,,,,,,,,,,,
Sainsbury's Bank,Financial Services / Fintech,Developer; DevOps; Tester,Edinburgh,Y,https://sainsburys.taleo.net/careersection/mhr_prof_ext_cv/jobsearch.ftl?f=JOB_FIELD(1705024347)&a=null&multiline=false,https://www.sainsburysbank.co.uk/,https://www.sainsburysbank.co.uk/jobs/aboutus,,,2,,,,,,,
salesagility,IT Services / Consultancy,Business Analyst; Developer; Tester,Stirling,,,,,,,,,,,,,,
SAS,IT Services / Consultancy,Data Analyst; Developer,Glasgow,,,,,,,,,,,,,,
Schuh,FMCG,Developer,West Lothian,,,,,,,,,,,,,,
Scottish Book Trust,Third Sector,,Edinburgh,Y,https://www.scottishbooktrust.com/about/vacancies,https://www.scottishbooktrust.com/,https://www.scottishbooktrust.com/about,,,2,,,,,,,
Scottish Canals,Public Sector,,Glasgow,,,,,,,,,,,,,,
Scottish Friendly Assurance,Financial Services / Fintech,Developer,Glasgow,,,,,,,,,,,,,,
Scottish Government - Digital Directorate,Public Sector,Developer; FE Developer; Tester; UX,Edinburgh,Y,https://applications.work-for-scotland.org/pages/job_search_results.aspx?searchtype=all,,https://www.gov.scot/about/how-government-is-run/directorates/digital/,,"The link is All Vacancies in the Scottish Government for all 3 ""partners""",2,,,,,,,
Scottish Government - Directorate for Agriculture and Rural Economy,Public Sector,BI Developer; Developer; Tester,Edinburgh,Y,https://applications.work-for-scotland.org/pages/job_search_results.aspx?searchtype=all,,https://www.gov.scot/about/how-government-is-run/directorates/agriculture-rural-economy/,,"The link is All Vacancies in the Scottish Government for all 3 ""partners""",2,,,,,,,
Scottish Government - Disclosure Scotland,Public Sector,Developer,Glasgow,,,,,,,,,,,,,,
Scottish Government - Marine Scotland,Public Sector,Developer,Nationwide,,,,,,,,,,,,,,
Scottish Government - Social Security,Public Sector,Data Analyst; Data Engineer; Developer; DevOps; Tester,Edinburgh,Y,https://applications.work-for-scotland.org/pages/job_search_results.aspx?searchtype=all,,https://www.gov.scot/policies/social-security/,,"The link is All Vacancies in the Scottish Government for all 3 ""partners""",2,,,,,,,
Scottish National Party,Public Sector,,Edinburgh,Y,https://www.snp.org/jobs/,https://www.snp.org/,,,Made with Vue,03-Apr,,,,,,,
Scottish Natural Heritage,Public Sector,Developer,Inverness,,,,,,,,,,,,,,
Scottish Sea Farm,FMCG,,Stirling,,,,,,,,,,,,,,
ScotXed - Learning Directorate - Scottish Government,Public Sector,Developer,Edinburgh,N,,https://www.gov.scot/collections/scottish-exchange-of-data-scotxed/,,,found a website but doesn't look like a company?,,,,,,,,
Screenmedia,IT Services / Consultancy,Business Analyst; Developer; FE Developer; UX,Glasgow,,,,,,,,,,,,,,
SCVO,Third Sector,,Edinburgh; Glasgow,Y,https://scvo.org.uk/jobs,https://scvo.org.uk/,https://scvo.org.uk/about,https://www.linkedin.com/company/scvo/,"""Scottish Council for Voluntary Organisations""",2,,,,,,,
SEEMIS Group LLP,Public Sector,Developer; UX,Glasgow,,,,,,,,,,,,,,
SESTran,Public Sector,,Edinburgh,Y,https://sestran.gov.uk/info/vacancies/,https://sestran.gov.uk/,https://sestran.gov.uk/info/about-sestran/,https://www.linkedin.com/company/sestran/,,2,,,,,,,
Simul8,IT Services / Consultancy,Developer,Glasgow,,,,,,,,,,,,,,
Skills Development Scotland (SDS),Public Sector,Developer,Glasgow,,,,,,,,,,,,,,
SLG Technology,IT Services / Consultancy,Data Analyst; Developer,Glasgow,,,,,,,,,,,,,,
Software Advisory Service,IT Services / Consultancy,Data Analyst,Glasgow,,,,,,,,,,,,,,
Sopra Steria,IT Services / Consultancy,BI Developer; Data Analyst; Data Engineer; Data Scientist; MI Developer,Edinburgh,Y,https://careers.soprasteria.co.uk/uk/en,https://www.soprasteria.co.uk/,https://www.soprasteria.co.uk/about-us/our-business,,offices all over UK. Careers page is divided in categories and a search,3,,,,,,,
Spiritus Partners,Health Tech,BE Developer,Edinburgh,Y,https://www.spirituspartners.com/careers,https://www.spirituspartners.com/,https://www.spirituspartners.com/company,https://www.linkedin.com/company/spirituspartners/,,2,Y,,,,,,
Stampede (FKA BlackBX),Other,FE Developer,Edinburgh,Y,https://careers.smartrecruiters.com/Stampede,https://stampede.ai/,https://stampede.ai/company/,,,2,,,,,,,
Stellar Omada,IT Services / Consultancy,Developer; DevOps; Tester,Edinburgh,N,,https://www.stellaruk.co.uk/,,https://www.linkedin.com/company/stellar-omada/,they have an anti-slavery policy - interesting,,,,,,,,
Strathclyde Partnership for Transport (SPT),Public Sector,Developer,Glasgow,,,,,,,,,,,,,,
Student Awards Agency Scotland (SAAS),Public Sector,,Edinburgh,N,,https://www.saas.gov.uk/,https://www.saas.gov.uk/about-saas,,,,,,,,,,
STV,Media,,Glasgow,,,,,,,,,,,,,,
Sublime,IT Services / Consultancy,Developer; UX,Glasgow,,,,,,,,,,,,,,
Sumdog,Edtech,Developer; DevOps,Edinburgh,Y,https://pages.sumdog.com/about_sumdog/careers/,https://pages.sumdog.com/,https://pages.sumdog.com/about_sumdog/,,,2,,,,,,,
Sumerian / ITRS Group,IT Services / Consultancy,Developer; DevOps,Edinburgh,N,,https://www.itrsgroup.com/,https://www.itrsgroup.com/about,,,,,,,,,,
Swarm Online,IT Services / Consultancy,Developer,Edinburgh; Glasgow,Y,https://swarmonline.com/careers/,https://swarmonline.com/,https://swarmonline.com/about/,linkedin.com/company/swarm-online/,partnered with AWS,2,,,,,,,
Swipii,IT Services / Consultancy,Developer,Glasgow,,,,,,,,,,,,,,
Sword IT,IT Services / Consultancy,Business Analyst; Developer; Support,Glasgow; Aberdeen,,,,,,,,,,,,,,
Symphonic,IT Services / Consultancy,Developer; UX,Edinburgh,Y,https://symphonicsoft.com/company/#Careers,https://symphonicsoft.com/,https://symphonicsoft.com/company/,https://www.linkedin.com/company/symphonicsoft/,,2,Y,,,,,,
Tagdat,IT Services / Consultancy,Data Analyst; Developer,Glasgow,,,,,,,,,,,,,,
Teclan Ltd,Creative Industries,,Inverness,,,,,,,,,,,,,,
Tesco Bank,Financial Services / Fintech,Data Analyst; Developer; Tester,Edinburgh,Y,https://careers.tescobank.com/search-apply?location=1,https://www.tescobank.com/,https://careers.tescobank.com/about-us,https://www.linkedin.com/company/tesco-bank/,,1,,,,,,,
The Football Pools,IT Services / Consultancy,Data Analyst; Developer,Inverness,,,,,,,,,,,,,,
The Health & Social Care Alliance,Third Sector,FE Developer,Glasgow,,,,,,,,,,,,,,
The Improvement Service,Public Sector,Data Analyst; Developer,West Lothian,,,,,,,,,,,,,,
The Lane Agency,Creative Industries,,Edinburgh,N,,https://www.thelaneagency.com/,thelaneagency.com/about,https://www.linkedin.com/company/the-lane-agency/,,,,,,,,,
The List,Media,Developer,Edinburgh,N,,https://www.list.co.uk/,https://www.list.co.uk/about/,,,,,,,,,,
The Property Angel,Financial Services / Fintech,Data Analyst; Data Engineer,Edinburgh,N,,https://www.thepropertyangel.com/,https://www.thepropertyangel.com/about-property-angel/-about-the-property-angel-/,,,,,,,,,,
The Service Directory,IT Services / Consultancy,Developer,Glasgow,,,,,,,,,,,,,,
The Startup Race,Third Sector,,Edinburgh,N,,https://thestartuprace.com/,https://thestartuprace.com/about-the-startup-race/,,about us is cringe,,,,,,,,
The University of the Highlands and Islands (UHI),Education,Developer,Inverness,,,,,,,,,,,,,,
ThermaFY,IT Services / Consultancy,,Edinburgh; Borders,N,,https://thermafy.com/,https://thermafy.com/about-us/,,,,,,,,,,
thinkWhere Limited,IT Services / Consultancy,Developer; Tester,Stirling,,,,,,,,,,,,,,
Toolsoup,Creative Industries,Developer,Inverness,,,,,,,,,,,,,,
Toolstop,FMCG,Developer,Glasgow,,,,,,,,,,,,,,
Topolytics,IT Services / Consultancy,Data Analyst; Developer,Edinburgh,N,,https://topolytics.com/,https://topolytics.com/about/,https://www.linkedin.com/company/codbod-ltd/about/,at Codebase,,,,,,,,
Traveltek Ltd,Tourism and Travel,Developer; Support,Glasgow,,,,,,,,,,,,,,
Trisent,IT Services / Consultancy,Developer,Edinburgh,N,,https://trisent.com/,https://trisent.com/about-us/,https://www.linkedin.com/company/trisent/,,,,,,,,,
Trtl,Tourism and Travel,Developer,Glasgow,,,,,,,,,,,,,,
Tuminds Social Media Ltd,IT Services / Consultancy,Data Analyst; FE Developer; UX,Inverness,,,,,,,,,,,,,,
TVSquared,Creative Industries,Developer,Edinburgh,Y,https://tvsquared.com/about-us/careers/,https://tvsquared.com/,https://www-blue.tvsquared.com/about-us/,https://www.linkedin.com/company/tvsquared/,,2,,,,,,,
unifii,IT Services / Consultancy,Developer,Edinburgh,Y,https://unifii.co.uk/about/careers/,https://unifii.co.uk/,https://unifii.co.uk/about/,https://www.linkedin.com/company/unifii-ltd/,,2,Y,,,,,,
University of Edinburgh,Education,Developer; Support,Edinburgh,Y,https://www.ed.ac.uk/human-resources/jobs,https://www.ed.ac.uk/,https://www.ed.ac.uk/about,,vacancy search link https://www.vacancies.ed.ac.uk/pls/corehrrecruit/erq_search_version_4.search_form,3,,,,,,,
Urban Farming Co,FMCG,,Edinburgh,N,,http://www.urbanfarmingco.com/,,,website is an eyesore,3,,,,,,,
User Vision,Creative Industries,UX,Edinburgh,Y,https://uservision.co.uk/careers,https://uservision.co.uk/,,https://www.linkedin.com/company/user-vision/,,1,Y,,,,,,
Verint,IT Services / Consultancy,Developer; Tester,Glasgow,,,,,,,,,,,,,,
Vidatec (DOGFI.SH Mobile),IT Services / Consultancy,Developer,Stirling,,,,,,,,,,,,,,
Vistalworks,IT Services / Consultancy,Developer,Edinburgh; Glasgow,N,,https://vistalworks.com/,https://vistalworks.com/about-us,https://www.linkedin.com/company/vistalworks/,check out the scarf on Stephen Budd!,,,,,,,,
Visual Management Systems,IT Services / Consultancy,Developer,Glasgow,,,,,,,,,,,,,,
VizCareer,IT Services / Consultancy,,Glasgow,,,,,,,,,,,,,,
VKY Automation,IT Services / Consultancy,,Edinburgh,N,,https://vkyautomation.com/,,https://www.linkedin.com/company/vky-intelligent-automation/,Actually based in Glasgow. About is on the homepage,,,,,,,,
Voxsio,IT Services / Consultancy,FE Developer,Edinburgh,N,,https://www.voxsio.com/,https://www.voxsio.com/about,https://www.linkedin.com/company/voxsio/about/,small company,,,,,,,,
Wallet.Services,Financial Services / Fintech,Developer,Edinburgh,Y,https://www.wallet.services/careers,https://www.wallet.services/,https://www.wallet.services/about-us,,"No mention of any openings, just asking to send a CV",,Y,,,,,,
Whitespace,Creative Industries,Developer; Tester; UX,Edinburgh,Y,https://whitespacers.com/careers,https://whitespacers.com/,https://whitespacers.com/about,,,2,N,,,,,,
work-books.uk,Financial Services / Fintech,Application Support; Back End Developer; Cloud Engineer; DBA; Front End Developer; Test Analyst; UX,Edinburgh,N,,https://work-books.uk/,https://work-books.uk/news/what-is-work-books/,,Owner spoke at CodeClan #dubious,,,,,,,,
xDesign,IT Services / Consultancy,Developer,Edinburgh,Y,https://www.xdesign.com/careers/,https://www.xdesign.com/,https://www.xdesign.com/about/,,"""We accelerate your Software Development and Digital Transformation projects on Web and Mobile""",1,Y,,,,,,
Yellow Cherry Digital,Creative Industries,BE Developer; Developer; FE Developer,Inverness,,,,,,,,,,,,,,
Zonal Retail Data Systems Limited,Financial Services / Fintech,Developer; Product / Project Manager; Tester; UX,Edinburgh,N,https://careers.zonal.co.uk/,https://www.zonal.co.uk/,https://www.zonal.co.uk/about-us/,,careers link unavailable,,,,,,,,
ZoneFox,IT Services / Consultancy,,Edinburgh,N,slaaag,https://www.fintechscotland.com/fintech/zonefox/,,,Closed? link of the fintech page takes you to https://www.fortinet.com/products/ueba,4,,,,,,,
,,,,,,,,,,,,,,,,,
,,,,,,,,,,,,,,,,,
,,,,,,,,,,,,,,,,,